country,year,status,life_expectancy,adult_mortality,infant_deaths,health_expenditure,hepatitis_b,measles,bmi,under5_deaths,polio,diphtheria,hiv_aids,GDP,population,10to19_thinness,5to9_thinness,income_composition,schooling,code,schizophrenia,bipolar_disorder,eating_disorders,anxiety,drug_use,depression,alcohol_use
Afghanistan,2015,Developing,65.0,263.0,62,10.11,65.0,1154,Healthy range,83,6.0,65.0,0.1,584.25921,33736494.0,17.2,17.3,0.479,9 - 12,AFG,0.165895,0.707275,0.104445,4.875201,2.543144,4.135419,0.662276
Albania,2015,Developing,77.8,74.0,0,6.46,99.0,0,Severe obesity,0,99.0,99.0,0.1,3954.22783,28873.0,1.2,1.3,0.762,12 - 16,ALB,0.20063,0.704161,0.171095,3.388212,0.513158,2.204454,1.850252
Algeria,2015,Developing,75.6,19.0,21,6.96,95.0,63,Severe obesity,24,95.0,95.0,0.1,4132.76292,39871528.0,6.0,5.8,0.743,12 - 16,DZA,0.197728,0.817862,0.211434,5.058398,1.709814,3.636962,0.665817
Angola,2015,Developing,52.4,335.0,66,2.61,64.0,118,Healthy range,98,7.0,64.0,1.9,3695.793748,2785935.0,8.3,8.2,0.531,9 - 12,AGO,0.172277,0.623748,0.169554,3.291955,0.513006,4.158484,1.383269
Antigua and Barbuda,2015,Developing,76.4,13.0,0,5.28,99.0,0,Severe obesity,0,86.0,99.0,0.2,13566.9541,89409.0,3.3,3.3,0.784,12 - 16,ATG,0.206434,0.925368,0.35062,4.610817,0.785735,2.54375,2.142253
Argentina,2015,Developing,76.3,116.0,8,10.23,94.0,0,Severe obesity,9,93.0,94.0,0.1,13467.1236,43417765.0,1.0,0.9,0.826,> 16,ARG,0.197978,0.772568,0.397998,6.278538,0.987998,3.657683,1.822172
Armenia,2015,Developing,74.8,118.0,1,10.12,94.0,33,Severe obesity,1,96.0,94.0,0.1,369.654776,291695.0,2.1,2.2,0.741,12 - 16,ARM,0.196525,0.716774,0.164968,2.589917,0.496236,2.740289,1.981193
Australia,2015,Developed,82.8,59.0,1,10.18,93.0,74,Severe obesity,1,93.0,93.0,0.1,56554.3876,23789338.0,0.6,0.6,0.937,> 16,AUS,0.364163,1.14513,0.943206,6.595691,2.170634,4.696774,1.510434
Austria,2015,Developed,81.5,65.0,0,10.37,93.0,309,Severe obesity,0,93.0,93.0,0.1,43665.947,8633169.0,1.9,2.1,0.892,12 - 16,AUT,0.256627,0.939758,0.67485,5.344587,0.910998,3.264032,1.883372
Azerbaijan,2015,Developing,72.7,118.0,5,4.34,96.0,0,Severe obesity,6,98.0,96.0,0.1,55.31382,9649341.0,2.8,2.9,0.758,12 - 16,AZE,0.199034,0.689049,0.201758,2.579432,0.481362,2.571226,2.319493
Bahamas,2015,Developing,76.1,147.0,0,5.16,95.0,0,Severe obesity,0,95.0,95.0,0.1,30289.4,385346.0,2.5,2.5,0.79,12 - 16,BHS,0.204284,0.889381,0.364253,4.655273,0.811445,2.614571,2.098918
Bahrain,2015,Developing,76.9,69.0,0,4.98,98.0,0,Severe obesity,0,98.0,98.0,0.1,22688.87824,1370322.0,6.2,6.1,0.823,12 - 16,BHR,0.206882,0.83618,0.268745,4.652923,1.715204,3.892511,0.732159
Bangladesh,2015,Developing,71.8,129.0,92,2.27,97.0,240,Underweight,113,97.0,97.0,0.1,121.15812,1612886.0,17.9,18.3,0.575,9 - 12,BGD,0.251929,0.582942,0.132744,4.2744,0.508198,4.160873,1.457626
Barbados,2015,Developing,75.5,98.0,0,6.83,97.0,0,Severe obesity,0,97.0,97.0,0.1,15557.8381,278990.0,3.8,3.7,0.794,12 - 16,BRB,0.229942,0.919786,0.323164,4.663841,0.842039,2.756602,1.587563
Belarus,2015,Developing,72.3,196.0,0,6.07,99.0,2,Severe obesity,0,99.0,99.0,0.1,5949.11677,9489616.0,1.9,2.0,0.798,12 - 16,BLR,0.196995,0.699353,0.207219,2.947074,0.784656,4.038801,5.412366
Belgium,2015,Developed,81.1,74.0,0,10.8,98.0,47,Severe obesity,1,99.0,99.0,0.1,4356.875,11274196.0,1.0,1.0,0.895,> 16,BEL,0.257675,0.946314,0.598318,5.208646,0.819489,4.110452,1.456476
Belize,2015,Developing,71.0,175.0,0,4.65,94.0,0,Underweight,0,94.0,94.0,0.2,4849.997495,359288.0,3.5,3.4,0.706,12 - 16,BLZ,0.19473,0.880893,0.257195,4.562088,0.83255,2.837546,1.771524
Benin,2015,Developing,60.0,249.0,25,2.73,82.0,55,Overweight,39,78.0,82.0,1.0,783.94791,1575952.0,6.9,6.8,0.481,9 - 12,BEN,0.170013,0.639664,0.118821,2.901891,0.499514,3.627308,0.989687
Bhutan,2015,Developing,69.8,211.0,0,3.76,99.0,11,Healthy range,0,98.0,99.0,0.5,2613.645177,787386.0,15.4,16.0,0.604,12 - 16,BTN,0.267006,0.595129,0.167915,3.796971,0.530377,3.420515,2.356853
Bolivia,2015,Developing,77.0,186.0,8,6.55,99.0,0,Severe obesity,10,99.0,99.0,0.1,2996.01,11014705.0,1.2,1.1,0.671,12 - 16,BOL,0.192922,0.852942,0.29572,4.239985,0.898802,3.102902,1.608975
Bosnia and Herzegovina,2015,Developing,77.4,88.0,0,9.24,82.0,1677,Severe obesity,0,74.0,82.0,0.1,4574.9787,3535961.0,2.3,2.3,0.747,12 - 16,BIH,0.200322,0.717641,0.169897,3.401638,0.433851,2.321622,2.84123
Botswana,2015,Developing,65.7,256.0,2,6.1,95.0,0,Obesity,2,96.0,95.0,2.2,6532.651,229197.0,6.4,6.1,0.698,12 - 16,BWA,0.180996,0.638262,0.223225,3.502876,0.748598,3.98648,1.62203
Brazil,2015,Developing,75.0,142.0,42,8.91,96.0,214,Severe obesity,47,98.0,96.0,0.1,8757.2622,2596218.0,2.7,2.6,0.754,12 - 16,BRA,0.205235,1.106988,0.273366,6.204158,1.054041,3.319423,2.695875
Brunei,2015,Developing,77.7,78.0,0,2.39,99.0,4,Severe obesity,0,99.0,99.0,0.1,3967.8951,422212.0,5.7,5.1,0.864,12 - 16,BRN,0.272187,0.629451,0.543985,3.621917,0.898972,2.537144,0.786194
Bulgaria,2015,Developed,74.5,137.0,0,7.39,92.0,0,Severe obesity,1,91.0,91.0,0.1,6993.47736,7177991.0,1.9,1.8,0.792,12 - 16,BGR,0.201824,0.630306,0.198616,3.587231,0.69669,2.539862,1.832053
Burkina Faso,2015,Developing,59.9,26.0,38,5.13,91.0,99,Healthy range,61,91.0,91.0,0.6,615.592225,1811624.0,8.0,7.5,0.399,6 - 9,BFA,0.163992,0.621011,0.111105,2.894299,0.435489,3.648042,0.996358
Burundi,2015,Developing,59.6,288.0,21,6.29,94.0,9,Healthy range,31,94.0,94.0,0.7,33.681223,119927.0,7.3,7.2,0.406,9 - 12,BDI,0.153772,0.612157,0.089309,3.574121,0.496275,3.723271,1.575593
Cote d'Ivoire,2015,Developing,53.3,397.0,57,3.22,83.0,65,Overweight,79,81.0,83.0,1.9,1814.72,25246342.0,5.5,5.5,,,CIV,0.168989,0.618876,0.131672,2.870304,0.503559,3.296712,1.013954
Cape Verde,2015,Developing,73.3,114.0,0,4.82,96.0,0,Obesity,0,93.0,93.0,0.2,2954.119467,532913.0,6.6,6.6,0.646,12 - 16,CPV,0.189409,0.709517,0.167825,2.995634,0.624374,4.092633,1.006284
Cambodia,2015,Developing,68.7,174.0,10,6.19,89.0,0,Healthy range,12,87.0,89.0,0.2,1163.18977,15517635.0,1.9,1.9,0.558,9 - 12,KHM,0.206596,0.509291,0.105162,3.287511,0.564367,3.100648,0.839945
Cameroon,2015,Developing,57.3,357.0,45,3.6,84.0,1809,Overweight,68,83.0,84.0,3.5,1244.429421,22834522.0,5.6,5.5,0.514,9 - 12,CMR,0.17014,0.627575,0.1315,2.903927,0.582792,3.750112,1.027423
Canada,2015,Developing,82.2,64.0,2,10.74,55.0,195,Severe obesity,2,91.0,91.0,0.1,43315.744,3584861.0,0.6,0.5,0.919,> 16,CAN,0.314901,0.715199,0.474343,5.170797,2.22515,3.949642,1.608215
Central African Republic,2015,Developing,52.5,397.0,15,5.03,47.0,150,Healthy range,21,47.0,47.0,4.4,348.381417,45461.0,8.2,8.2,0.347,6 - 9,CAF,0.148752,0.592732,0.090661,3.245496,0.513144,4.215257,1.415987
Chad,2015,Developing,53.1,356.0,46,4.52,46.0,418,Healthy range,77,52.0,46.0,2.8,777.248751,149413.0,8.5,8.4,0.394,6 - 9,TCD,0.167499,0.625867,0.120668,2.881842,0.449877,3.908367,0.944222
Chile,2015,Developing,85.0,82.0,2,8.35,97.0,9,Severe obesity,2,96.0,96.0,0.1,13653.2264,17762681.0,0.8,0.8,0.845,> 16,CHL,0.200819,0.789644,0.406375,6.274265,1.23733,4.036576,2.441463
China,2015,Developing,76.1,85.0,157,4.94,99.0,42361,Obesity,183,99.0,99.0,0.1,869.211938,137122.0,3.6,2.9,0.734,12 - 16,CHN,0.335852,0.32202,0.151513,3.068531,1.078275,3.351279,1.23219
Colombia,2015,Developing,74.8,143.0,10,7.52,91.0,1,Severe obesity,12,91.0,91.0,0.1,644.525556,48228697.0,2.1,1.9,0.724,12 - 16,COL,0.205874,0.767383,0.252133,2.512714,1.098011,2.194632,1.760847
Comoros,2015,Developing,63.5,227.0,1,4.6,91.0,0,Healthy range,2,92.0,91.0,0.8,727.6463868,777424.0,6.7,6.5,0.498,9 - 12,COM,0.169815,0.657773,0.110298,3.629924,0.500299,3.303571,1.509387
Congo,2015,Developing,64.7,267.0,7,2.46,8.0,1359,Overweight,10,8.0,8.0,2.8,2439.35,5097581.0,7.5,7.1,0.59,9 - 12,COG,0.168902,0.613573,0.158622,3.266041,0.557216,4.041543,1.45165
Costa Rica,2015,Developing,79.6,95.0,1,7.59,92.0,0,Underweight,1,92.0,92.0,0.1,1146.36273,487852.0,1.7,1.7,0.775,12 - 16,CRI,0.213118,0.842788,0.283687,2.932009,0.771107,2.899138,1.461754
Croatia,2015,Developed,78.0,95.0,0,6.69,94.0,206,Severe obesity,0,94.0,94.0,0.1,11579.6674,42364.0,1.5,1.4,0.823,12 - 16,HRV,0.207743,0.720525,0.21708,3.451754,0.732889,2.778406,2.092207
Cuba,2015,Developing,79.1,92.0,1,12.81,99.0,0,Severe obesity,1,99.0,99.0,0.1,762.261218,11275065.0,3.5,3.3,0.773,12 - 16,CUB,0.204195,0.943018,0.259617,4.622527,0.771342,3.322598,1.730818
Cyprus,2015,Developed,85.0,52.0,0,6.79,97.0,0,Underweight,0,97.0,97.0,0.1,2375.1127,116985.0,1.0,1.0,0.854,12 - 16,CYP,0.253026,0.937371,0.510185,5.305575,0.568759,3.302054,1.113303
Czech Republic,2015,Developed,78.8,86.0,0,7.37,97.0,9,Severe obesity,0,97.0,97.0,0.1,17931.6,10546059.0,1.8,1.8,,,CZE,0.209562,0.721078,0.240712,3.446872,0.946076,2.685547,2.122513
North Korea,2015,Developing,76.0,139.0,6,,96.0,0,Obesity,7,99.0,96.0,0.1,637.0,25575350.0,4.9,4.9,,,PRK,0.235223,0.32625,0.090517,3.244619,0.915774,3.098722,1.361366
Democratic Republic of Congo,2015,Developing,59.8,258.0,236,3.75,81.0,5020,Healthy range,308,78.0,81.0,1.1,467.91,81035531.0,9.5,9.3,,,COD,0.156588,0.621254,0.087167,3.246691,0.507088,3.940707,1.337892
Denmark,2015,Developed,86.0,71.0,0,10.34,,9,Severe obesity,0,93.0,93.0,0.1,5314.64416,5683483.0,1.1,0.9,0.923,> 16,DNK,0.254433,1.005441,0.54071,5.315579,0.877252,3.281306,1.760998
Djibouti,2015,Developing,63.5,241.0,1,3.35,84.0,47,Obesity,1,84.0,84.0,2.1,1862.167274,927414.0,5.6,5.4,0.47,6 - 9,DJI,0.174312,0.65594,0.132901,3.55146,0.520697,3.587848,1.591044
Dominican Republic,2015,Developing,73.9,152.0,6,4.72,81.0,0,Severe obesity,7,87.0,85.0,0.3,6468.471648,1528394.0,3.3,3.2,0.718,12 - 16,DOM,0.198681,0.889925,0.296195,4.552426,0.6643,3.007645,1.580684
Ecuador,2015,Developing,76.2,118.0,6,7.61,78.0,0,Severe obesity,7,84.0,78.0,0.1,625.62224,16144368.0,1.2,1.1,0.739,12 - 16,ECU,0.202036,0.881771,0.354659,4.302069,0.668551,2.970413,1.742634
Egypt,2015,Developing,79.0,159.0,51,5.06,93.0,5432,Severe obesity,60,93.0,93.0,0.1,3306.98,99597342.0,2.8,2.8,0.688,12 - 16,EGY,0.187391,0.773888,0.189265,4.356463,1.45946,3.211476,0.665532
El Salvador,2015,Developing,73.5,178.0,2,8.76,91.0,0,Severe obesity,2,92.0,91.0,0.2,4127.11775,6312478.0,1.6,1.5,0.678,12 - 16,SLV,0.196909,0.769541,0.239302,2.940689,0.604498,3.024102,2.682717
Equatorial Guinea,2015,Developing,58.2,32.0,3,2.34,16.0,1250,Healthy range,4,17.0,16.0,4.2,1347.31257,1175389.0,8.4,8.3,0.582,9 - 12,GNQ,0.184624,0.622716,0.27825,3.279457,0.550682,4.163687,1.476384
Eritrea,2015,Developing,64.7,255.0,5,4.45,95.0,198,Healthy range,7,95.0,95.0,0.4,614.7,3105546.0,8.4,8.2,0.418,< 6,ERI,0.158428,0.616791,0.1013,3.655814,0.522229,3.861327,1.740921
Estonia,2015,Developing,77.6,119.0,0,6.64,91.0,4,Severe obesity,0,93.0,93.0,0.1,1774.9291,131547.0,1.9,1.9,0.863,> 16,EST,0.203442,0.708249,0.251524,2.964644,1.131572,3.880068,4.855356
Ethiopia,2015,Developing,64.8,225.0,136,3.82,77.0,17745,Underweight,194,75.0,77.0,0.6,645.4637627,9987333.0,1.4,1.2,0.441,6 - 9,ETH,0.163285,0.626978,0.103668,3.719316,0.492687,3.829889,1.865996
Fiji,2015,Developing,69.9,188.0,0,3.32,99.0,0,Severe obesity,0,99.0,99.0,0.1,4921.89629,892149.0,4.0,3.7,0.734,12 - 16,FJI,0.23802,0.451918,0.144976,3.276218,0.753351,3.178253,1.105823
Finland,2015,Developing,81.1,76.0,0,9.65,,2,Severe obesity,0,97.0,97.0,0.1,4245.39744,5479531.0,0.9,0.8,0.893,> 16,FIN,0.262308,1.005044,0.59266,3.749912,0.926837,4.857565,2.70387
France,2015,Developing,82.4,78.0,2,11.45,86.0,157,Severe obesity,3,98.0,98.0,0.1,36526.7711,6662468.0,0.7,0.6,0.894,> 16,FRA,0.256537,0.959573,0.569338,6.637445,1.204663,4.299326,1.457863
Gabon,2015,Developing,66.0,229.0,2,2.66,8.0,27,Obesity,3,79.0,8.0,2.7,7388.984144,193175.0,6.1,5.9,0.694,12 - 16,GAB,0.181283,0.638098,0.223865,3.29489,0.569826,4.049274,1.474538
Gambia,2015,Developing,61.1,262.0,3,3.18,97.0,71,Overweight,5,96.0,97.0,1.7,619.54,2224529.0,7.3,7.2,0.45,6 - 9,GMB,0.169585,0.645736,0.11323,2.907775,0.492627,4.13884,0.943623
Georgia,2015,Developing,74.4,129.0,1,7.42,94.0,431,Severe obesity,1,91.0,94.0,0.1,3764.64912,37171.0,2.7,2.8,0.768,12 - 16,GEO,0.195737,0.708309,0.166974,2.599692,0.483852,2.793426,2.070307
Germany,2015,Developed,81.0,68.0,2,11.19,88.0,2464,Severe obesity,3,94.0,95.0,0.1,41176.88158,81686611.0,1.1,1.1,0.924,> 16,DEU,0.25172,0.779517,0.522847,6.566759,0.893847,3.946206,1.927178
Ghana,2015,Developing,62.4,249.0,37,4.54,88.0,23,Overweight,52,88.0,88.0,0.7,1361.11395,27582821.0,6.2,6.1,0.575,9 - 12,GHA,0.174007,0.640804,0.141231,2.923209,0.615468,3.382018,1.003159
Greece,2015,Developing,81.0,72.0,0,8.22,96.0,1,Severe obesity,0,99.0,99.0,0.1,187.78991,182883.0,0.8,0.7,0.865,> 16,GRC,0.2533,0.948286,0.568756,5.798518,0.54563,4.231759,1.131753
Grenada,2015,Developing,73.6,142.0,0,4.65,92.0,0,Severe obesity,0,99.0,92.0,0.1,9212.192824,114676.0,3.8,3.8,0.751,12 - 16,GRD,0.199652,0.893311,0.285699,4.532445,0.772301,2.772361,1.736153
Guatemala,2015,Developing,71.9,186.0,10,6.01,74.0,0,Underweight,12,9.0,74.0,0.4,3923.573344,16252429.0,1.2,1.2,0.637,9 - 12,GTM,0.192765,0.742245,0.228957,2.902515,0.677789,3.249042,2.670481
Guinea,2015,Developing,59.0,284.0,26,5.81,54.0,243,Healthy range,40,42.0,54.0,0.5,554.48766,1291533.0,7.3,7.3,0.414,6 - 9,GIN,0.165683,0.628972,0.109931,2.896095,0.446693,3.550241,0.942849
Guinea-Bissau,2015,Developing,58.9,275.0,4,8.13,87.0,153,Overweight,6,87.0,87.0,3.2,596.8717189,177526.0,7.1,7.0,0.421,9 - 12,GNB,0.162693,0.614228,0.109678,2.911761,0.475158,3.660965,0.981464
Guyana,2015,Developing,66.2,215.0,0,4.02,95.0,0,Severe obesity,1,92.0,95.0,0.3,4136.689919,768514.0,5.5,5.3,0.638,9 - 12,GUY,0.185546,0.844592,0.230387,4.536003,0.720859,4.196997,2.055865
Haiti,2015,Developing,63.5,24.0,14,5.08,6.0,0,Severe obesity,18,56.0,6.0,0.5,814.5463952,171161.0,3.9,3.9,0.49,9 - 12,HTI,0.172146,0.800496,0.1594,4.512905,0.632717,2.964077,1.656284
Honduras,2015,Developing,74.6,147.0,3,7.48,97.0,0,Severe obesity,4,97.0,97.0,0.3,2326.15856,896829.0,2.1,2.1,0.623,9 - 12,HND,0.189238,0.750783,0.201099,2.868273,0.696499,2.74576,1.766644
Hungary,2015,Developed,75.8,134.0,0,6.85,,0,Severe obesity,0,99.0,99.0,0.1,12365.6263,984328.0,1.6,1.6,0.834,12 - 16,HUN,0.205242,0.703031,0.234708,3.458544,0.717386,2.754503,2.135476
Iceland,2015,Developed,82.7,49.0,0,8.07,,0,Severe obesity,0,92.0,92.0,0.1,5734.4436,33815.0,1.0,0.9,0.919,> 16,ISL,0.257168,0.969292,0.556969,5.294539,0.703828,3.360755,1.231484
India,2015,Developing,68.3,181.0,910,3.6,87.0,90387,Healthy range,1100,86.0,87.0,0.2,1613.18878,1395398.0,26.7,27.3,0.615,9 - 12,IND,0.260509,0.55639,0.15115,3.294846,0.517256,3.515554,1.128306
Indonesia,2015,Developing,69.1,176.0,114,2.92,78.0,15099,Overweight,136,8.0,78.0,0.3,3336.16686,258162113.0,1.4,1.2,0.686,12 - 16,IDN,0.228273,0.539916,0.142546,3.276482,0.581601,2.625926,0.649699
Iran,2015,Developing,75.5,83.0,18,7.53,98.0,615,Severe obesity,21,98.0,98.0,0.1,4952.73,82619362.0,8.5,8.6,0.774,12 - 16,IRN,0.201429,0.815302,0.231553,7.055339,2.006893,5.039831,0.581339
Iraq,2015,Developing,68.9,182.0,32,3.16,56.0,1433,Severe obesity,38,63.0,58.0,0.1,4974.2693,36115649.0,5.3,5.1,0.649,9 - 12,IRQ,0.188659,0.665481,0.201027,4.710038,1.656386,3.813491,0.653408
Ireland,2015,Developed,81.4,64.0,0,7.34,95.0,4,Severe obesity,0,95.0,95.0,0.1,6664.144,4676835.0,0.3,0.2,0.92,> 16,IRL,0.327456,0.804668,0.549164,5.83418,1.054477,4.286581,2.123721
Israel,2015,Developing,82.5,58.0,0,7.02,96.0,80,Severe obesity,1,95.0,95.0,0.1,35729.37253,8381.0,1.2,1.1,0.898,12 - 16,ISR,0.260875,0.923693,0.452504,3.071555,0.703864,3.92133,0.503205
Italy,2015,Developed,82.7,56.0,1,8.86,93.0,159,Severe obesity,2,93.0,93.0,0.1,349.14755,673582.0,0.6,0.6,0.881,> 16,ITA,0.236545,0.946536,0.623938,5.630367,1.219242,3.458618,0.465702
Jamaica,2015,Developing,76.2,125.0,1,5.62,91.0,0,Severe obesity,1,91.0,91.0,0.5,4965.989857,2871934.0,1.8,1.7,0.729,12 - 16,JAM,0.199259,0.927324,0.259079,4.574925,0.950794,2.575587,1.444198
Japan,2015,Developed,83.7,55.0,2,10.75,,35,Overweight,3,99.0,96.0,0.1,34474.13736,127141.0,2.1,1.8,0.902,12 - 16,JPN,0.300201,0.688256,0.457507,3.564487,0.906163,3.262431,0.57671
Jordan,2015,Developing,74.1,112.0,4,7.46,99.0,0,Severe obesity,4,99.0,99.0,0.1,496.99275,915932.0,4.0,4.0,0.741,12 - 16,JOR,0.193415,0.810958,0.1876,4.892519,1.6017,3.55496,0.656819
Kazakhstan,2015,Developing,72.0,198.0,4,3.04,98.0,526,Severe obesity,5,98.0,98.0,0.1,159.9817,17544126.0,2.4,2.5,0.793,12 - 16,KAZ,0.19892,0.666498,0.22357,2.604275,0.629521,3.515736,3.512509
Kenya,2015,Developing,63.4,249.0,54,4.76,89.0,95,Healthy range,75,83.0,89.0,2.8,1349.97144,47236259.0,7.8,7.6,0.55,9 - 12,KEN,0.170214,0.641196,0.131502,3.630832,0.483446,3.514888,1.249349
Kiribati,2015,Developing,66.3,198.0,0,,82.0,0,Severe obesity,0,8.0,78.0,0.1,1424.483611,11247.0,0.1,0.1,0.586,9 - 12,KIR,0.208208,0.42395,0.092558,3.281799,0.717381,3.180351,1.052312
Kuwait,2015,Developing,74.7,81.0,0,4.21,99.0,18,Severe obesity,1,99.0,99.0,0.1,28975.418,3834574.0,3.5,3.4,0.799,12 - 16,KWT,0.21492,0.863718,0.345496,4.933717,1.597621,3.598983,0.680048
Kyrgyzstan,2015,Developing,71.1,166.0,3,7.15,97.0,17779,Severe obesity,3,97.0,97.0,0.1,1105.65,6040036.0,3.3,3.4,0.662,12 - 16,KGZ,0.181469,0.663506,0.126155,2.559233,0.52777,3.056355,2.839514
Laos,2015,Developing,65.7,194.0,8,2.45,89.0,56,Healthy range,11,89.0,89.0,0.2,2121.01,6801645.0,8.8,8.9,0.582,9 - 12,LAO,0.21398,0.53243,0.122156,4.215903,0.666111,2.890786,0.918794
Latvia,2015,Developed,74.6,153.0,0,5.65,94.0,0,Severe obesity,0,95.0,95.0,0.1,13666.58336,1977527.0,2.2,2.1,0.828,12 - 16,LVA,0.199003,0.696198,0.222607,2.944219,1.038212,3.493756,4.457263
Lebanon,2015,Developing,74.9,98.0,1,7.42,81.0,39,Severe obesity,1,75.0,81.0,0.1,846.632851,5851479.0,4.9,4.9,0.763,12 - 16,LBN,0.198035,0.995697,0.217924,6.073276,2.185748,3.728943,0.659943
Lesotho,2015,Developing,53.7,484.0,4,9.3,93.0,0,Obesity,6,9.0,93.0,9.3,173.82893,2174645.0,5.5,5.3,0.495,9 - 12,LSO,0.160409,0.605756,0.133521,3.476457,0.768028,5.63104,1.668428
Liberia,2015,Developing,61.4,259.0,8,10.47,52.0,1060,Overweight,11,52.0,52.0,0.9,452.38717,4499621.0,6.5,6.4,0.427,9 - 12,LBR,0.160661,0.629811,0.089465,2.875233,0.510904,3.786835,0.949272
Libya,2015,Developing,72.7,138.0,1,,97.0,82,Severe obesity,2,97.0,97.0,0.1,7458.49,6531819.0,5.8,5.5,0.719,12 - 16,LBY,0.195619,0.804456,0.22034,4.974983,2.582395,3.797078,0.683152
Lithuania,2015,Developed,73.6,165.0,0,6.49,94.0,50,Severe obesity,0,93.0,93.0,0.1,14252.42853,29491.0,2.6,2.6,0.846,> 16,LTU,0.19976,0.698522,0.228347,2.931244,0.607837,4.158024,4.494683
Luxembourg,2015,Developed,82.0,63.0,0,5.08,94.0,0,Severe obesity,0,99.0,99.0,0.1,1199.8223,56964.0,1.0,0.9,0.896,12 - 16,LUX,0.263374,0.934318,0.737774,5.316953,0.940479,3.615115,1.363452
Madagascar,2015,Developing,65.5,22.0,28,5.01,69.0,3,Underweight,38,71.0,69.0,0.3,41.8575951,2423488.0,7.1,7.1,0.511,9 - 12,MDG,0.163845,0.631889,0.103769,3.567933,0.494041,3.696718,1.510022
Malawi,2015,Developing,58.3,365.0,26,6.63,88.0,0,Healthy range,38,88.0,88.0,4.8,362.6575444,1757367.0,6.4,6.2,0.473,9 - 12,MWI,0.154141,0.604941,0.099678,3.639366,0.50462,3.392795,1.607572
Malaysia,2015,Developing,75.0,123.0,4,3.82,99.0,1318,Underweight,4,99.0,99.0,0.1,9643.644683,3723155.0,7.5,7.3,0.787,12 - 16,MYS,0.251197,0.578247,0.196888,4.399844,0.664769,3.461155,0.644343
Maldives,2015,Developing,78.5,61.0,0,8.73,99.0,0,Overweight,0,99.0,99.0,0.1,8395.785198,49163.0,13.6,13.6,0.701,12 - 16,MDV,0.242883,0.564472,0.156449,3.18518,0.686627,3.127677,0.826247
Mali,2015,Developing,58.2,266.0,52,4.11,64.0,215,Healthy range,84,66.0,64.0,1.5,729.725338,1746795.0,7.7,7.5,0.438,6 - 9,MLI,0.16733,0.628281,0.115126,2.884228,0.439086,2.973458,0.904602
Malta,2015,Developed,81.7,54.0,0,8.9,95.0,2,Severe obesity,0,97.0,97.0,0.1,23819.4636,431874.0,0.8,0.8,0.853,12 - 16,MLT,0.257058,0.962467,0.507238,5.317005,0.870169,3.347923,1.109213
Mauritania,2015,Developing,63.1,25.0,8,3.67,73.0,1,Underweight,12,67.0,73.0,0.9,1158.256469,4182341.0,7.8,7.5,0.513,6 - 9,MRT,0.17875,0.661409,0.142904,2.927931,0.49825,3.059015,0.928407
Mauritius,2015,Developing,74.6,146.0,0,5.55,97.0,0,Obesity,0,98.0,97.0,0.1,9252.11724,126265.0,6.9,6.8,0.779,12 - 16,MUS,0.240582,0.564243,0.179304,3.320624,0.708793,3.495053,1.299377
Mexico,2015,Developing,76.7,122.0,30,5.72,82.0,0,Severe obesity,35,87.0,87.0,0.1,9143.128494,12589949.0,1.5,1.5,0.758,12 - 16,MEX,0.211334,0.818093,0.313727,3.182934,0.804195,2.772136,1.730384
Mongolia,2015,Developing,68.8,222.0,1,4.23,99.0,20359,Severe obesity,1,99.0,99.0,0.1,3944.1839,2976877.0,2.2,2.3,0.733,12 - 16,MNG,0.189334,0.653948,0.173016,2.551804,0.528367,3.550133,3.480908
Montenegro,2015,Developing,76.1,16.0,0,9.02,82.0,0,Severe obesity,0,89.0,89.0,0.1,6461.192554,622159.0,1.8,1.8,0.804,12 - 16,MNE,0.202715,0.712429,0.191711,3.42693,0.608275,2.57097,1.856434
Morocco,2015,Developing,74.3,95.0,17,5.1,99.0,17,Severe obesity,20,99.0,99.0,0.1,2847.285569,3483322.0,6.4,6.2,0.645,12 - 16,MAR,0.185884,0.781004,0.171629,4.984392,1.623631,5.526705,0.574894
Mozambique,2015,Developing,57.6,355.0,60,6.72,8.0,79,Healthy range,81,8.0,8.0,3.9,528.3125597,281691.0,3.6,3.5,0.414,9 - 12,MOZ,0.155592,0.610276,0.100742,3.65426,0.522644,3.891948,1.698174
Myanmar,2015,Developing,66.6,199.0,39,5.48,89.0,6,Healthy range,50,89.0,89.0,0.3,1194.59137,5243669.0,12.8,13.0,0.552,9 - 12,MMR,0.211861,0.509602,0.120132,3.307999,0.572084,2.282712,0.870134
Namibia,2015,Developing,65.8,248.0,2,9.98,92.0,212,Obesity,3,92.0,92.0,2.1,4737.66996,2425561.0,8.2,8.1,0.637,9 - 12,NAM,0.17642,0.631215,0.196153,3.499314,0.773144,3.417682,1.683855
Nepal,2015,Developing,69.2,165.0,17,5.47,91.0,1599,Healthy range,21,9.0,91.0,0.1,743.7653489,28656282.0,15.7,16.1,0.555,12 - 16,NPL,0.245631,0.583442,0.124484,3.864376,0.497888,3.672807,1.518993
Netherlands,2015,Developed,81.9,57.0,1,10.32,94.0,7,Severe obesity,1,95.0,95.0,0.1,44292.88473,16939923.0,1.0,0.9,0.923,> 16,NLD,0.365154,0.947385,0.464945,6.578979,0.961438,4.028566,0.754582
New Zealand,2015,Developed,81.6,66.0,0,9.28,92.0,10,Severe obesity,0,92.0,92.0,0.1,3821.8937,4609400.0,0.4,0.3,0.913,> 16,NZL,0.34099,1.206423,0.669326,8.539694,2.040377,3.967735,2.075727
Nicaragua,2015,Developing,74.8,145.0,2,7.96,98.0,0,Severe obesity,2,99.0,98.0,0.1,295.966488,68235.0,1.8,1.7,0.642,9 - 12,NIC,0.199062,0.798685,0.200784,2.911002,0.586591,2.853856,2.061747
Niger,2015,Developing,61.8,22.0,49,5.35,65.0,7693,Healthy range,87,65.0,65.0,0.4,358.99731,19896965.0,9.6,9.4,0.351,< 6,NER,0.163212,0.630629,0.093966,2.885208,0.457065,3.451298,0.910143
Nigeria,2015,Developing,54.5,344.0,483,3.58,49.0,12423,Overweight,747,49.0,49.0,3.7,2655.157977,181181744.0,9.8,9.7,0.525,9 - 12,NGA,0.181421,0.643384,0.160807,2.914794,0.457276,4.071251,0.964297
Norway,2015,Developed,81.8,59.0,0,10.07,,14,Severe obesity,0,95.0,95.0,0.1,7455.24654,518867.0,0.8,0.7,0.948,> 16,NOR,0.211403,0.856582,0.571305,7.596146,0.849551,3.681866,1.424897
Oman,2015,Developing,76.6,99.0,1,4.08,99.0,0,Severe obesity,1,99.0,99.0,0.1,16627.36433,4184895.0,7.1,6.9,0.795,12 - 16,OMN,0.202797,0.7876,0.25674,4.535895,1.70443,3.412646,0.691946
Pakistan,2015,Developing,66.4,161.0,352,2.46,72.0,386,Overweight,433,72.0,72.0,0.1,1431.244865,18938513.0,19.2,19.6,0.548,6 - 9,PAK,0.256563,0.573979,0.152313,3.820925,0.669101,3.309776,1.525196
Panama,2015,Developing,77.8,118.0,1,7.19,73.0,0,Severe obesity,1,72.0,73.0,0.1,13134.4367,3969249.0,1.9,1.8,0.785,12 - 16,PAN,0.211826,0.810563,0.304011,2.886011,0.721562,2.666329,1.410564
Papua New Guinea,2015,Developing,62.9,275.0,10,1.82,67.0,38,Severe obesity,12,74.0,73.0,0.6,2484.6,7919825.0,1.3,1.3,0.515,9 - 12,PNG,0.208256,0.410903,0.102154,3.189703,0.732033,3.181005,1.210566
Paraguay,2015,Developing,74.0,146.0,2,6.69,93.0,0,Underweight,3,89.0,93.0,0.2,419.367724,6639119.0,2.0,1.9,0.692,12 - 16,PRY,0.201451,1.074953,0.232781,6.011838,0.531954,2.950421,2.359245
Peru,2015,Developing,75.5,123.0,8,4.96,9.0,4,Severe obesity,10,88.0,9.0,0.1,63.343259,31376671.0,1.1,1.1,0.737,12 - 16,PER,0.202619,0.890522,0.367048,4.260744,0.585101,2.267037,1.437582
Philippines,2015,Developing,68.5,211.0,52,3.9,6.0,619,Overweight,66,79.0,6.0,0.1,2878.33837,11716359.0,1.0,9.7,0.679,9 - 12,PHL,0.222323,0.533985,0.130319,3.260932,0.641977,2.749335,0.892222
Poland,2015,Developed,77.5,117.0,2,6.4,96.0,0,Severe obesity,2,92.0,98.0,0.1,12565.9876,37986412.0,1.9,2.0,0.852,> 16,POL,0.206806,0.711308,0.224348,3.461991,0.797481,2.263833,2.035273
Portugal,2015,Developed,81.1,76.0,0,9.32,98.0,8,Severe obesity,0,98.0,98.0,0.1,1922.681,135876.0,0.7,0.5,0.841,> 16,PRT,0.249004,0.925073,0.510327,5.37913,0.690379,4.561403,1.276458
Qatar,2015,Developing,78.2,68.0,0,3.64,99.0,18,Severe obesity,0,99.0,99.0,0.1,66346.52267,2344557.0,5.2,4.9,0.855,12 - 16,QAT,0.215344,0.820022,0.316654,4.334049,2.001989,3.478406,0.734206
South Korea,2015,Developing,82.3,64.0,1,6.59,98.0,7,Obesity,2,98.0,98.0,0.1,28737.44,51014947.0,1.5,1.0,,,KOR,0.263347,0.56988,0.411541,3.796132,0.907754,3.112223,2.022414
Moldova,2015,Developing,72.1,157.0,1,8.56,88.0,0,Severe obesity,1,88.0,87.0,0.1,2749.55,2835978.0,2.7,2.8,,,MDA,0.183131,0.680177,0.139005,2.886766,0.652813,3.430092,4.068838
Romania,2015,Developed,75.0,133.0,2,4.94,9.0,4,Underweight,2,89.0,89.0,0.1,8958.788593,19815481.0,2.5,2.7,0.798,12 - 16,ROU,0.200363,0.751224,0.196733,3.230996,0.454763,2.343899,1.698824
Russia,2015,Developing,75.0,222.0,13,5.3,97.0,843,Underweight,15,97.0,97.0,0.1,9329.298351,1449687.0,2.3,2.3,0.805,12 - 16,RUS,0.197955,0.675406,0.228643,2.948065,0.96125,3.692351,5.023229
Rwanda,2015,Developing,66.1,227.0,11,6.65,98.0,1,Healthy range,15,99.0,98.0,0.4,71.348397,11629553.0,5.7,5.7,0.493,9 - 12,RWA,0.162693,0.624513,0.11216,3.689279,0.5883,3.854341,2.347621
Saint Lucia,2015,Developing,75.2,138.0,0,4.51,99.0,0,Severe obesity,0,99.0,99.0,0.1,10334.92,174905.0,4.3,4.3,0.735,12 - 16,LCA,0.199943,0.904822,0.284521,4.594877,0.899422,2.836606,1.90237
Saint Vincent and the Grenadines,2015,Developing,73.2,156.0,0,4.11,98.0,0,Severe obesity,0,97.0,98.0,0.1,7353.74,106960.0,3.5,3.4,0.72,12 - 16,VCT,0.196171,0.879974,0.272231,4.521452,0.793928,2.856424,2.211495
Samoa,2015,Developing,74.0,125.0,0,,59.0,0,Severe obesity,0,61.0,66.0,0.1,4149.363444,193759.0,0.2,0.1,0.702,12 - 16,WSM,0.235022,0.460459,0.125778,3.256122,0.853908,3.047204,1.110764
Sao Tome and Principe,2015,Developing,67.5,19.0,0,5.34,96.0,0,Underweight,0,96.0,96.0,0.2,1624.63963,195553.0,5.5,5.3,0.565,9 - 12,STP,0.177949,0.663023,0.13171,2.919073,0.486926,3.116748,1.013602
Saudi Arabia,2015,Developing,74.5,88.0,7,5.86,98.0,219,Severe obesity,8,97.0,98.0,0.1,2732.86172,29816382.0,7.8,7.6,0.845,> 16,SAU,0.205256,0.817027,0.284659,4.751235,1.682436,3.510181,0.679555
Senegal,2015,Developing,66.7,188.0,19,4.38,89.0,58,Healthy range,26,85.0,89.0,0.3,98.7256145,14976994.0,9.5,9.3,0.491,9 - 12,SEN,0.172951,0.647369,0.123728,2.894516,0.47235,3.329605,0.920909
Serbia,2015,Developing,75.6,121.0,1,8.81,94.0,383,Underweight,1,95.0,95.0,0.1,5237.255334,795383.0,2.0,2.0,0.775,12 - 16,SRB,0.199589,0.698199,0.185056,3.406153,0.447539,2.577638,2.027863
Seychelles,2015,Developing,73.2,168.0,0,4.37,98.0,0,Obesity,0,97.0,97.0,0.1,1539.464,93419.0,5.7,6.0,0.781,12 - 16,SYC,0.24609,0.565917,0.192355,3.304572,0.785783,2.885492,0.858818
Sierra Leone,2015,Developing,51.0,413.0,22,19.66,86.0,607,Healthy range,30,86.0,86.0,0.5,587.538233,723725.0,7.4,7.3,0.431,9 - 12,SLE,0.164737,0.623994,0.106721,2.877733,0.488935,3.582731,0.935655
Singapore,2015,Developed,83.1,55.0,0,4.18,96.0,0,Obesity,0,96.0,96.0,0.1,53629.73746,5535002.0,2.2,2.2,0.924,12 - 16,SGP,0.273445,0.731293,0.542395,3.729619,0.912167,3.42572,0.483159
Slovakia,2015,Developed,76.7,19.0,0,6.76,96.0,1,Severe obesity,0,96.0,96.0,0.1,16442.08,5423801.0,1.2,1.2,0.842,12 - 16,SVK,0.207971,0.711868,0.232232,3.447717,0.686567,2.406614,2.47214
Slovenia,2015,Developed,88.0,74.0,0,8.5,,18,Underweight,0,95.0,95.0,0.1,2729.86383,263531.0,1.4,1.3,0.888,> 16,SVN,0.211816,0.725026,0.238706,3.45308,0.909888,2.879148,2.233922
Solomon Islands,2015,Developing,69.2,177.0,0,4.45,98.0,0,Underweight,0,99.0,98.0,0.1,1922.41388,587482.0,1.1,1.2,0.514,9 - 12,SLB,0.209786,0.427419,0.092245,3.210614,0.695597,3.16522,1.136766
Somalia,2015,Developing,55.0,312.0,50,,42.0,7497,Healthy range,80,47.0,42.0,0.7,426.98537,13806963.0,6.6,6.4,,,SOM,0.153839,0.619808,0.078854,3.555038,0.494599,3.777474,1.54366
South Africa,2015,Developing,62.9,328.0,42,8.05,75.0,17,Severe obesity,52,75.0,75.0,3.6,5769.77258,5511976.68,4.4,5.3,0.665,12 - 16,ZAF,0.181686,0.636405,0.214094,3.990262,0.961406,3.717595,1.601342
South Sudan,2015,Developing,57.3,332.0,26,,31.0,878,,39,41.0,31.0,3.4,758.725782,11882136.0,,,0.421,< 6,SSD,0.168795,0.62526,0.135115,3.535399,0.499741,3.686892,1.551948
Spain,2015,Developed,82.8,56.0,1,9.12,97.0,115,Severe obesity,1,97.0,97.0,0.1,25683.84565,46447697.0,0.6,0.5,0.882,> 16,ESP,0.280801,0.976793,0.733379,5.278341,1.446569,3.506859,0.895117
Sri Lanka,2015,Developing,74.9,138.0,3,3.68,99.0,1568,Healthy range,3,99.0,99.0,0.1,3844.89123,2966.0,15.1,15.0,0.764,12 - 16,LKA,0.236051,0.568386,0.152628,3.366906,0.664022,3.446117,0.967582
Sudan,2015,Developing,64.1,225.0,58,5.81,93.0,3585,,85,93.0,93.0,0.3,2513.884661,3864783.0,,,0.488,6 - 9,SDN,0.175417,0.746423,0.143413,4.890963,1.392091,3.782896,0.646411
Suriname,2015,Developing,71.6,176.0,0,5.81,89.0,0,Severe obesity,0,89.0,89.0,0.4,8818.982566,55328.0,3.5,3.5,0.723,12 - 16,SUR,0.186524,0.868296,0.303178,4.558144,0.691755,4.00594,1.766553
Swaziland,2015,Developing,58.9,373.0,2,7.06,9.0,0,Obesity,3,84.0,9.0,7.1,3136.92511,131911.0,4.0,4.1,0.541,9 - 12,SWZ,0.172153,0.607751,0.187961,3.479957,0.792187,4.047374,1.721156
Sweden,2015,Developed,82.4,53.0,0,10.8,67.0,22,Severe obesity,0,98.0,98.0,0.1,5585.25847,9799186.0,1.5,1.4,0.909,12 - 16,SWE,0.2736,1.058289,0.564692,5.297058,0.683427,4.513444,1.721177
Switzerland,2015,Developed,83.4,49.0,0,10.78,,35,Severe obesity,0,97.0,97.0,0.1,8989.8424,8282396.0,0.4,0.3,0.938,12 - 16,CHE,0.26192,0.952894,0.572819,5.355516,1.00538,3.721917,1.378581
Syria,2015,Developing,64.5,293.0,6,,41.0,45,Severe obesity,8,5.0,41.0,0.1,847.73,18734987.0,6.3,6.1,0.553,6 - 9,SYR,0.189505,0.80928,0.162179,4.963043,1.49708,3.547811,0.622425
Tajikistan,2015,Developing,69.7,161.0,10,6.91,96.0,3,Underweight,11,96.0,96.0,0.2,918.6771543,8548651.0,3.6,3.7,0.625,9 - 12,TJK,0.181397,0.665572,0.115779,2.520781,0.465956,2.54976,2.218595
Thailand,2015,Developing,74.9,148.0,8,3.85,99.0,154,Obesity,9,99.0,99.0,0.1,5814.863134,686576.0,7.7,7.7,0.738,12 - 16,THA,0.233556,0.542135,0.169914,3.324273,0.81183,3.085864,0.892095
Macedonia,2015,Developing,75.7,12.0,0,6.34,92.0,1,Underweight,0,92.0,91.0,0.1,5262.69,1912430.0,2.1,2.1,0.746,12 - 16,MKD,0.202024,0.710647,0.1804,3.392779,0.491339,2.332124,1.876968
Timor,2015,Developing,68.3,152.0,2,7.67,76.0,43,Underweight,2,75.0,76.0,0.1,1161.76935,124977.0,1.9,11.1,0.603,12 - 16,TLS,0.20382,0.502556,0.110612,3.228908,0.62952,3.139772,0.822557
Togo,2015,Developing,59.9,287.0,13,4.96,88.0,20,Healthy range,20,88.0,88.0,1.0,551.138346,741682.0,6.5,6.2,0.484,9 - 12,TGO,0.164137,0.629,0.105883,2.90618,0.478484,3.655251,0.966935
Tonga,2015,Developing,73.5,133.0,0,,78.0,0,Severe obesity,0,8.0,78.0,0.1,493.775387,16364.0,0.1,0.1,0.718,12 - 16,TON,0.235639,0.462478,0.124463,3.294251,0.759888,2.91798,1.135172
Trinidad and Tobago,2015,Developing,71.2,17.0,0,5.65,9.0,0,Severe obesity,0,88.0,96.0,0.3,17321.83373,13692.0,5.7,5.9,0.779,12 - 16,TTO,0.177349,0.89823,0.38821,4.629014,0.7282,3.337388,1.731302
Tunisia,2015,Developing,75.3,1.0,3,6.21,98.0,16,Severe obesity,3,98.0,98.0,0.1,3828.91589,11273661.0,6.5,6.4,0.723,12 - 16,TUN,0.197875,0.83831,0.198399,5.067419,1.689315,3.910004,0.652983
Turkey,2015,Developing,75.8,16.0,15,4.12,97.0,342,Severe obesity,18,97.0,97.0,0.1,1979.52569,78271472.0,4.9,4.8,0.764,12 - 16,TUR,0.220578,0.848601,0.298953,3.910515,1.523937,3.725807,0.77714
Turkmenistan,2015,Developing,66.3,215.0,6,5.12,99.0,0,Severe obesity,7,99.0,99.0,0.1,6432.668768,5565284.0,3.3,3.3,0.688,9 - 12,TKM,0.195236,0.667174,0.1918,2.561598,0.517933,2.818218,2.667951
Uganda,2015,Developing,62.3,291.0,66,5.07,78.0,478,Underweight,93,82.0,78.0,3.1,693.8963829,414487.0,5.6,5.6,0.488,9 - 12,UGA,0.159609,0.609275,0.117042,3.510482,0.539442,4.996004,1.292387
Ukraine,2015,Developing,71.3,195.0,4,7.78,22.0,105,Severe obesity,5,51.0,23.0,0.2,2124.662666,4515429.0,2.3,2.4,0.748,12 - 16,UKR,0.190897,0.687257,0.171895,2.941461,0.696882,4.090187,4.826954
United Arab Emirates,2015,Developing,77.1,75.0,1,3.47,99.0,347,Severe obesity,1,99.0,99.0,0.1,3911.74689,8505237.0,5.3,5.1,0.836,12 - 16,ARE,0.211855,0.804646,0.259418,4.235686,2.985105,2.859825,0.760746
United Kingdom,2015,Developed,81.2,69.0,3,9.8,,91,Severe obesity,4,96.0,96.0,0.1,44964.39,65116219.0,0.8,0.6,,,GBR,0.25837,1.08595,0.543274,4.656279,1.698364,4.124435,1.914363
Tanzania,2015,Developing,61.8,279.0,85,3.65,98.0,30,Healthy range,119,96.0,98.0,1.4,939.13,52020962.0,6.7,6.5,,,TZA,0.164463,0.625171,0.125833,3.618708,0.514163,3.670488,1.546778
United States,2015,Developed,79.3,13.0,23,16.49,92.0,188,Severe obesity,26,93.0,95.0,0.1,57040.21,320738994.0,0.8,0.6,,,USA,0.335243,0.65189,0.522109,6.650662,3.262674,4.795954,2.018738
Uruguay,2015,Developing,77.0,116.0,0,8.29,95.0,0,Severe obesity,0,95.0,95.0,0.1,15524.84247,3431552.0,1.5,1.4,0.794,12 - 16,URY,0.198323,0.780699,0.392488,6.30936,0.935037,3.585183,1.182338
Uzbekistan,2015,Developing,69.4,184.0,15,4.74,99.0,22,Severe obesity,17,99.0,99.0,0.1,2137.576852,312989.0,3.0,3.1,0.697,12 - 16,UZB,0.187231,0.668437,0.148898,2.55619,0.477995,2.884098,1.915468
Vanuatu,2015,Developing,72.0,13.0,0,4.32,64.0,39,Severe obesity,0,65.0,64.0,0.1,285.83414,26463.0,1.5,1.4,0.598,9 - 12,VUT,0.214951,0.427226,0.105741,3.217235,0.687397,3.135285,1.212548
Venezuela,2015,Developing,74.1,157.0,9,,87.0,0,Severe obesity,10,87.0,87.0,0.1,4103.0,30573972.0,1.6,1.5,0.769,12 - 16,VEN,0.205603,0.779347,0.282251,2.865676,0.633015,2.811889,1.3715
Vietnam,2015,Developing,76.0,127.0,28,4.71,97.0,256,Underweight,35,97.0,97.0,0.1,2577.57,92823254.0,14.2,14.5,0.678,12 - 16,VNM,0.242783,0.551548,0.123609,2.051937,0.682933,2.88175,1.733233
Yemen,2015,Developing,65.7,224.0,37,4.25,69.0,468,Severe obesity,47,63.0,69.0,0.1,1362.17,31159379.0,13.6,13.4,0.499,6 - 9,YEM,0.172435,0.735503,0.136973,4.852522,1.401506,4.017056,0.636171
Zambia,2015,Developing,61.8,33.0,27,4.43,9.0,9,Healthy range,40,9.0,9.0,4.1,1313.889646,161587.0,6.3,6.1,0.576,12 - 16,ZMB,0.165027,0.605266,0.139219,3.584914,0.505984,3.576608,1.632897
Zimbabwe,2015,Developing,67.0,336.0,22,7.45,87.0,0,Obesity,32,88.0,87.0,6.2,118.69383,15777451.0,5.6,5.5,0.507,9 - 12,ZWE,0.156465,0.609363,0.11947,3.098687,0.771802,3.15571,1.514751
